image_path,label
maps/agency\img_001.jpg,agency
maps/agency\img_002.jpg,agency
maps/agency\img_003.jpg,agency
maps/agency\img_004.jpg,agency
maps/agency\img_005.jpg,agency
maps/agency\img_006.jpg,agency
maps/agency\img_007.jpg,agency
maps/agency\img_008.jpg,agency
maps/agency\img_009.jpg,agency
maps/agency\img_010.jpg,agency
maps/agency\img_011.jpg,agency
maps/agency\img_012.jpg,agency
maps/agency\img_013.jpg,agency
maps/agency\img_014.jpg,agency
maps/agency\img_015.jpg,agency
maps/agency\img_016.jpg,agency
maps/agency\img_017.jpg,agency
maps/agency\img_018.jpg,agency
maps/agency\img_019.jpg,agency
maps/agency\img_020.jpg,agency
maps/agency\img_021.jpg,agency
maps/agency\img_022.jpg,agency
maps/agency\img_023.jpg,agency
maps/agency\img_024.jpg,agency
maps/agency\img_025.jpg,agency
maps/agency\img_026.jpg,agency
maps/agency\img_027.jpg,agency
maps/agency\img_028.jpg,agency
maps/agency\img_029.jpg,agency
maps/agency\img_030.jpg,agency
maps/agency\img_031.jpg,agency
maps/agency\img_032.jpg,agency
maps/agency\img_033.jpg,agency
maps/agency\img_034.jpg,agency
maps/agency\img_035.jpg,agency
maps/agency\img_036.jpg,agency
maps/agency\img_037.jpg,agency
maps/agency\img_038.jpg,agency
maps/agency\img_039.jpg,agency
maps/agency\img_040.jpg,agency
maps/agency\img_041.jpg,agency
maps/agency\img_042.jpg,agency
maps/agency\img_043.jpg,agency
maps/agency\img_044.jpg,agency
maps/agency\img_045.jpg,agency
maps/agency\img_046.jpg,agency
maps/agency\img_047.jpg,agency
maps/agency\img_048.jpg,agency
maps/agency\img_049.jpg,agency
maps/agency\img_050.jpg,agency
maps/agency\img_051.jpg,agency
maps/agency\img_052.jpg,agency
maps/agency\img_053.jpg,agency
maps/agency\img_054.jpg,agency
maps/agency\img_055.jpg,agency
maps/agency\img_056.jpg,agency
maps/agency\img_057.jpg,agency
maps/agency\img_058.jpg,agency
maps/agency\img_059.jpg,agency
maps/agency\img_060.jpg,agency
maps/agency\img_061.jpg,agency
maps/agency\img_062.jpg,agency
maps/agency\img_063.jpg,agency
maps/agency\img_064.jpg,agency
maps/agency\img_065.jpg,agency
maps/agency\img_066.jpg,agency
maps/agency\img_067.jpg,agency
maps/agency\img_068.jpg,agency
maps/agency\img_069.jpg,agency
maps/agency\img_070.jpg,agency
maps/agency\img_071.jpg,agency
maps/agency\img_072.jpg,agency
maps/agency\img_073.jpg,agency
maps/agency\img_074.jpg,agency
maps/agency\img_075.jpg,agency
maps/agency\img_076.jpg,agency
maps/agency\img_077.jpg,agency
maps/agency\img_078.jpg,agency
maps/agency\img_079.jpg,agency
maps/agency\img_080.jpg,agency
maps/agency\img_081.jpg,agency
maps/agency\img_082.jpg,agency
maps/agency\img_083.jpg,agency
maps/agency\img_084.jpg,agency
maps/agency\img_085.jpg,agency
maps/agency\img_086.jpg,agency
maps/agency\img_087.jpg,agency
maps/agency\img_088.jpg,agency
maps/agency\img_089.jpg,agency
maps/agency\img_090.jpg,agency
maps/agency\img_091.jpg,agency
maps/agency\img_092.jpg,agency
maps/agency\img_093.jpg,agency
maps/agency\img_094.jpg,agency
maps/agency\img_095.jpg,agency
maps/agency\img_096.jpg,agency
maps/agency\img_097.jpg,agency
maps/agency\img_098.jpg,agency
maps/agency\img_099.jpg,agency
maps/agency\img_100.jpg,agency
maps/agency\img_101.jpg,agency
maps/agency\img_102.jpg,agency
maps/agency\img_103.jpg,agency
maps/agency\img_104.jpg,agency
maps/agency\img_105.jpg,agency
maps/agency\img_106.jpg,agency
maps/agency\img_107.jpg,agency
maps/agency\img_108.jpg,agency
maps/agency\img_109.jpg,agency
maps/agency\img_110.jpg,agency
maps/agency\img_111.jpg,agency
maps/agency\img_112.jpg,agency
maps/agency\img_113.jpg,agency
maps/agency\img_114.jpg,agency
maps/agency\img_115.jpg,agency
maps/agency\img_116.jpg,agency
maps/agency\img_117.jpg,agency
maps/agency\img_118.jpg,agency
maps/agency\img_119.jpg,agency
maps/agency\img_120.jpg,agency
maps/agency\img_121.jpg,agency
maps/agency\img_122.jpg,agency
maps/agency\img_123.jpg,agency
maps/agency\img_124.jpg,agency
maps/agency\img_125.jpg,agency
maps/agency\img_126.jpg,agency
maps/agency\img_127.jpg,agency
maps/agency\img_128.jpg,agency
maps/agency\img_129.jpg,agency
maps/agency\img_130.jpg,agency
maps/agency\img_131.jpg,agency
maps/agency\img_132.jpg,agency
maps/agency\img_133.jpg,agency
maps/agency\img_134.jpg,agency
maps/agency\img_135.jpg,agency
maps/agency\img_136.jpg,agency
maps/agency\img_137.jpg,agency
maps/agency\img_138.jpg,agency
maps/agency\img_139.jpg,agency
maps/agency\img_140.jpg,agency
maps/agency\img_141.jpg,agency
maps/agency\img_142.jpg,agency
maps/agency\img_143.jpg,agency
maps/agency\img_144.jpg,agency
maps/agency\img_145.jpg,agency
maps/agency\img_146.jpg,agency
maps/agency\img_147.jpg,agency
maps/agency\img_148.jpg,agency
maps/agency\img_149.jpg,agency
maps/agency\img_150.jpg,agency
maps/agency\img_151.jpg,agency
maps/agency\img_152.jpg,agency
maps/agency\img_153.jpg,agency
maps/agency\img_154.jpg,agency
maps/agency\img_155.jpg,agency
maps/agency\img_156.jpg,agency
maps/agency\img_157.jpg,agency
maps/agency\img_158.jpg,agency
maps/agency\img_159.jpg,agency
maps/agency\img_160.jpg,agency
maps/anubis\img_001.jpg,anubis
maps/anubis\img_002.jpg,anubis
maps/anubis\img_003.jpg,anubis
maps/anubis\img_004.jpg,anubis
maps/anubis\img_005.jpg,anubis
maps/anubis\img_006.jpg,anubis
maps/anubis\img_007.jpg,anubis
maps/anubis\img_008.jpg,anubis
maps/anubis\img_009.jpg,anubis
maps/anubis\img_010.jpg,anubis
maps/anubis\img_011.jpg,anubis
maps/anubis\img_012.jpg,anubis
maps/anubis\img_013.jpg,anubis
maps/anubis\img_014.jpg,anubis
maps/anubis\img_015.jpg,anubis
maps/anubis\img_016.jpg,anubis
maps/anubis\img_017.jpg,anubis
maps/anubis\img_018.jpg,anubis
maps/anubis\img_019.jpg,anubis
maps/anubis\img_020.jpg,anubis
maps/anubis\img_021.jpg,anubis
maps/anubis\img_022.jpg,anubis
maps/anubis\img_023.jpg,anubis
maps/anubis\img_024.jpg,anubis
maps/anubis\img_025.jpg,anubis
maps/anubis\img_026.jpg,anubis
maps/anubis\img_027.jpg,anubis
maps/anubis\img_028.jpg,anubis
maps/anubis\img_029.jpg,anubis
maps/anubis\img_030.jpg,anubis
maps/anubis\img_031.jpg,anubis
maps/anubis\img_032.jpg,anubis
maps/anubis\img_033.jpg,anubis
maps/anubis\img_034.jpg,anubis
maps/anubis\img_035.jpg,anubis
maps/anubis\img_036.jpg,anubis
maps/anubis\img_037.jpg,anubis
maps/anubis\img_038.jpg,anubis
maps/anubis\img_039.jpg,anubis
maps/anubis\img_040.jpg,anubis
maps/anubis\img_041.jpg,anubis
maps/anubis\img_042.jpg,anubis
maps/anubis\img_043.jpg,anubis
maps/anubis\img_044.jpg,anubis
maps/anubis\img_045.jpg,anubis
maps/anubis\img_046.jpg,anubis
maps/anubis\img_047.jpg,anubis
maps/anubis\img_048.jpg,anubis
maps/anubis\img_049.jpg,anubis
maps/anubis\img_050.jpg,anubis
maps/anubis\img_051.jpg,anubis
maps/anubis\img_052.jpg,anubis
maps/anubis\img_053.jpg,anubis
maps/anubis\img_054.jpg,anubis
maps/anubis\img_055.jpg,anubis
maps/anubis\img_056.jpg,anubis
maps/anubis\img_057.jpg,anubis
maps/anubis\img_058.jpg,anubis
maps/anubis\img_059.jpg,anubis
maps/anubis\img_060.jpg,anubis
maps/anubis\img_061.jpg,anubis
maps/anubis\img_062.jpg,anubis
maps/anubis\img_063.jpg,anubis
maps/anubis\img_064.jpg,anubis
maps/anubis\img_065.jpg,anubis
maps/anubis\img_066.jpg,anubis
maps/anubis\img_067.jpg,anubis
maps/anubis\img_068.jpg,anubis
maps/anubis\img_069.jpg,anubis
maps/anubis\img_070.jpg,anubis
maps/anubis\img_071.jpg,anubis
maps/anubis\img_072.jpg,anubis
maps/anubis\img_073.jpg,anubis
maps/anubis\img_074.jpg,anubis
maps/anubis\img_075.jpg,anubis
maps/anubis\img_076.jpg,anubis
maps/anubis\img_077.jpg,anubis
maps/anubis\img_078.jpg,anubis
maps/anubis\img_079.jpg,anubis
maps/anubis\img_080.jpg,anubis
maps/anubis\img_081.jpg,anubis
maps/anubis\img_082.jpg,anubis
maps/anubis\img_083.jpg,anubis
maps/anubis\img_084.jpg,anubis
maps/anubis\img_085.jpg,anubis
maps/anubis\img_086.jpg,anubis
maps/anubis\img_087.jpg,anubis
maps/anubis\img_088.jpg,anubis
maps/anubis\img_089.jpg,anubis
maps/anubis\img_090.jpg,anubis
maps/anubis\img_091.jpg,anubis
maps/anubis\img_092.jpg,anubis
maps/anubis\img_093.jpg,anubis
maps/anubis\img_094.jpg,anubis
maps/anubis\img_095.jpg,anubis
maps/anubis\img_096.jpg,anubis
maps/anubis\img_097.jpg,anubis
maps/anubis\img_098.jpg,anubis
maps/anubis\img_099.jpg,anubis
maps/anubis\img_100.jpg,anubis
maps/anubis\img_101.jpg,anubis
maps/anubis\img_102.jpg,anubis
maps/anubis\img_103.jpg,anubis
maps/anubis\img_104.jpg,anubis
maps/anubis\img_105.jpg,anubis
maps/anubis\img_106.jpg,anubis
maps/anubis\img_107.jpg,anubis
maps/anubis\img_108.jpg,anubis
maps/anubis\img_109.jpg,anubis
maps/anubis\img_110.jpg,anubis
maps/anubis\img_111.jpg,anubis
maps/anubis\img_112.jpg,anubis
maps/anubis\img_113.jpg,anubis
maps/anubis\img_114.jpg,anubis
maps/anubis\img_115.jpg,anubis
maps/anubis\img_116.jpg,anubis
maps/anubis\img_117.jpg,anubis
maps/anubis\img_118.jpg,anubis
maps/anubis\img_119.jpg,anubis
maps/anubis\img_120.jpg,anubis
maps/anubis\img_121.jpg,anubis
maps/anubis\img_122.jpg,anubis
maps/anubis\img_123.jpg,anubis
maps/anubis\img_124.jpg,anubis
maps/anubis\img_125.jpg,anubis
maps/anubis\img_126.jpg,anubis
maps/anubis\img_127.jpg,anubis
maps/anubis\img_128.jpg,anubis
maps/anubis\img_129.jpg,anubis
maps/anubis\img_130.jpg,anubis
maps/anubis\img_131.jpg,anubis
maps/anubis\img_132.jpg,anubis
maps/anubis\img_133.jpg,anubis
maps/anubis\img_134.jpg,anubis
maps/anubis\img_135.jpg,anubis
maps/anubis\img_136.jpg,anubis
maps/anubis\img_137.jpg,anubis
maps/anubis\img_138.jpg,anubis
maps/anubis\img_139.jpg,anubis
maps/anubis\img_140.jpg,anubis
maps/anubis\img_141.jpg,anubis
maps/anubis\img_142.jpg,anubis
maps/anubis\img_143.jpg,anubis
maps/anubis\img_144.jpg,anubis
maps/anubis\img_145.jpg,anubis
maps/anubis\img_146.jpg,anubis
maps/anubis\img_147.jpg,anubis
maps/anubis\img_148.jpg,anubis
maps/anubis\img_149.jpg,anubis
maps/anubis\img_150.jpg,anubis
maps/anubis\img_151.jpg,anubis
maps/anubis\img_152.jpg,anubis
maps/anubis\img_153.jpg,anubis
maps/anubis\img_154.jpg,anubis
maps/anubis\img_155.jpg,anubis
maps/anubis\img_156.jpg,anubis
maps/anubis\img_157.jpg,anubis
maps/anubis\img_158.jpg,anubis
maps/anubis\img_159.jpg,anubis
maps/anubis\img_160.jpg,anubis
maps/anubis\img_161.jpg,anubis
maps/anubis\img_162.jpg,anubis
maps/anubis\img_163.jpg,anubis
maps/anubis\img_164.jpg,anubis
maps/anubis\img_165.jpg,anubis
maps/anubis\img_166.jpg,anubis
maps/anubis\img_167.jpg,anubis
maps/anubis\img_168.jpg,anubis
maps/anubis\img_169.jpg,anubis
maps/anubis\img_170.jpg,anubis
maps/anubis\img_171.jpg,anubis
maps/anubis\img_172.jpg,anubis
maps/anubis\img_173.jpg,anubis
maps/anubis\img_174.jpg,anubis
maps/anubis\img_175.jpg,anubis
maps/anubis\img_176.jpg,anubis
maps/anubis\img_177.jpg,anubis
maps/anubis\img_178.jpg,anubis
maps/anubis\img_179.jpg,anubis
maps/anubis\img_180.jpg,anubis
maps/dust2\img_001.jpg,dust2
maps/dust2\img_002.jpg,dust2
maps/dust2\img_003.jpg,dust2
maps/dust2\img_004.jpg,dust2
maps/dust2\img_005.jpg,dust2
maps/dust2\img_006.jpg,dust2
maps/dust2\img_007.jpg,dust2
maps/dust2\img_008.jpg,dust2
maps/dust2\img_009.jpg,dust2
maps/dust2\img_010.jpg,dust2
maps/dust2\img_011.jpg,dust2
maps/dust2\img_012.jpg,dust2
maps/dust2\img_013.jpg,dust2
maps/dust2\img_014.jpg,dust2
maps/dust2\img_015.jpg,dust2
maps/dust2\img_016.jpg,dust2
maps/dust2\img_017.jpg,dust2
maps/dust2\img_018.jpg,dust2
maps/dust2\img_019.jpg,dust2
maps/dust2\img_020.jpg,dust2
maps/dust2\img_021.jpg,dust2
maps/dust2\img_022.jpg,dust2
maps/dust2\img_023.jpg,dust2
maps/dust2\img_024.jpg,dust2
maps/dust2\img_025.jpg,dust2
maps/dust2\img_026.jpg,dust2
maps/dust2\img_027.jpg,dust2
maps/dust2\img_028.jpg,dust2
maps/dust2\img_029.jpg,dust2
maps/dust2\img_030.jpg,dust2
maps/dust2\img_031.jpg,dust2
maps/dust2\img_032.jpg,dust2
maps/dust2\img_033.jpg,dust2
maps/dust2\img_034.jpg,dust2
maps/dust2\img_035.jpg,dust2
maps/dust2\img_036.jpg,dust2
maps/dust2\img_037.jpg,dust2
maps/dust2\img_038.jpg,dust2
maps/dust2\img_039.jpg,dust2
maps/dust2\img_040.jpg,dust2
maps/dust2\img_041.jpg,dust2
maps/dust2\img_042.jpg,dust2
maps/dust2\img_043.jpg,dust2
maps/dust2\img_044.jpg,dust2
maps/dust2\img_045.jpg,dust2
maps/dust2\img_046.jpg,dust2
maps/dust2\img_047.jpg,dust2
maps/dust2\img_048.jpg,dust2
maps/dust2\img_049.jpg,dust2
maps/dust2\img_050.jpg,dust2
maps/dust2\img_051.jpg,dust2
maps/dust2\img_052.jpg,dust2
maps/dust2\img_053.jpg,dust2
maps/dust2\img_054.jpg,dust2
maps/dust2\img_055.jpg,dust2
maps/dust2\img_056.jpg,dust2
maps/dust2\img_057.jpg,dust2
maps/dust2\img_058.jpg,dust2
maps/dust2\img_059.jpg,dust2
maps/dust2\img_060.jpg,dust2
maps/dust2\img_061.jpg,dust2
maps/dust2\img_062.jpg,dust2
maps/dust2\img_063.jpg,dust2
maps/dust2\img_064.jpg,dust2
maps/dust2\img_065.jpg,dust2
maps/dust2\img_066.jpg,dust2
maps/dust2\img_067.jpg,dust2
maps/dust2\img_068.jpg,dust2
maps/dust2\img_069.jpg,dust2
maps/dust2\img_070.jpg,dust2
maps/dust2\img_071.jpg,dust2
maps/dust2\img_072.jpg,dust2
maps/dust2\img_073.jpg,dust2
maps/dust2\img_074.jpg,dust2
maps/dust2\img_075.jpg,dust2
maps/dust2\img_076.jpg,dust2
maps/dust2\img_077.jpg,dust2
maps/dust2\img_078.jpg,dust2
maps/dust2\img_079.jpg,dust2
maps/dust2\img_080.jpg,dust2
maps/dust2\img_081.jpg,dust2
maps/dust2\img_082.jpg,dust2
maps/dust2\img_083.jpg,dust2
maps/dust2\img_084.jpg,dust2
maps/dust2\img_085.jpg,dust2
maps/dust2\img_086.jpg,dust2
maps/dust2\img_087.jpg,dust2
maps/dust2\img_088.jpg,dust2
maps/dust2\img_089.jpg,dust2
maps/dust2\img_090.jpg,dust2
maps/dust2\img_091.jpg,dust2
maps/dust2\img_092.jpg,dust2
maps/dust2\img_093.jpg,dust2
maps/dust2\img_094.jpg,dust2
maps/dust2\img_095.jpg,dust2
maps/dust2\img_096.jpg,dust2
maps/dust2\img_097.jpg,dust2
maps/dust2\img_098.jpg,dust2
maps/dust2\img_099.jpg,dust2
maps/dust2\img_100.jpg,dust2
maps/dust2\img_101.jpg,dust2
maps/dust2\img_102.jpg,dust2
maps/dust2\img_103.jpg,dust2
maps/dust2\img_104.jpg,dust2
maps/dust2\img_105.jpg,dust2
maps/dust2\img_106.jpg,dust2
maps/dust2\img_107.jpg,dust2
maps/dust2\img_108.jpg,dust2
maps/dust2\img_109.jpg,dust2
maps/dust2\img_110.jpg,dust2
maps/dust2\img_111.jpg,dust2
maps/dust2\img_112.jpg,dust2
maps/dust2\img_113.jpg,dust2
maps/dust2\img_114.jpg,dust2
maps/dust2\img_115.jpg,dust2
maps/dust2\img_116.jpg,dust2
maps/dust2\img_117.jpg,dust2
maps/dust2\img_118.jpg,dust2
maps/dust2\img_119.jpg,dust2
maps/dust2\img_120.jpg,dust2
maps/dust2\img_121.jpg,dust2
maps/dust2\img_122.jpg,dust2
maps/dust2\img_123.jpg,dust2
maps/dust2\img_124.jpg,dust2
maps/dust2\img_125.jpg,dust2
maps/dust2\img_126.jpg,dust2
maps/dust2\img_127.jpg,dust2
maps/dust2\img_128.jpg,dust2
maps/dust2\img_129.jpg,dust2
maps/dust2\img_130.jpg,dust2
maps/dust2\img_131.jpg,dust2
maps/dust2\img_132.jpg,dust2
maps/dust2\img_133.jpg,dust2
maps/dust2\img_134.jpg,dust2
maps/dust2\img_135.jpg,dust2
maps/dust2\img_136.jpg,dust2
maps/dust2\img_137.jpg,dust2
maps/dust2\img_138.jpg,dust2
maps/dust2\img_139.jpg,dust2
maps/dust2\img_140.jpg,dust2
maps/dust2\img_141.jpg,dust2
maps/dust2\img_142.jpg,dust2
maps/dust2\img_143.jpg,dust2
maps/dust2\img_144.jpg,dust2
maps/dust2\img_145.jpg,dust2
maps/dust2\img_146.jpg,dust2
maps/dust2\img_147.jpg,dust2
maps/dust2\img_148.jpg,dust2
maps/dust2\img_149.jpg,dust2
maps/dust2\img_150.jpg,dust2
maps/dust2\img_151.jpg,dust2
maps/mirage\img_001.jpg,mirage
maps/mirage\img_002.jpg,mirage
maps/mirage\img_003.jpg,mirage
maps/mirage\img_004.jpg,mirage
maps/mirage\img_005.jpg,mirage
maps/mirage\img_006.jpg,mirage
maps/mirage\img_007.jpg,mirage
maps/mirage\img_008.jpg,mirage
maps/mirage\img_009.jpg,mirage
maps/mirage\img_010.jpg,mirage
maps/mirage\img_011.jpg,mirage
maps/mirage\img_012.jpg,mirage
maps/mirage\img_013.jpg,mirage
maps/mirage\img_014.jpg,mirage
maps/mirage\img_015.jpg,mirage
maps/mirage\img_016.jpg,mirage
maps/mirage\img_017.jpg,mirage
maps/mirage\img_018.jpg,mirage
maps/mirage\img_019.jpg,mirage
maps/mirage\img_020.jpg,mirage
maps/mirage\img_021.jpg,mirage
maps/mirage\img_022.jpg,mirage
maps/mirage\img_023.jpg,mirage
maps/mirage\img_024.jpg,mirage
maps/mirage\img_025.jpg,mirage
maps/mirage\img_026.jpg,mirage
maps/mirage\img_027.jpg,mirage
maps/mirage\img_028.jpg,mirage
maps/mirage\img_029.jpg,mirage
maps/mirage\img_030.jpg,mirage
maps/mirage\img_031.jpg,mirage
maps/mirage\img_032.jpg,mirage
maps/mirage\img_033.jpg,mirage
maps/mirage\img_034.jpg,mirage
maps/mirage\img_035.jpg,mirage
maps/mirage\img_036.jpg,mirage
maps/mirage\img_037.jpg,mirage
maps/mirage\img_038.jpg,mirage
maps/mirage\img_039.jpg,mirage
maps/mirage\img_040.jpg,mirage
maps/mirage\img_041.jpg,mirage
maps/mirage\img_042.jpg,mirage
maps/mirage\img_043.jpg,mirage
maps/mirage\img_044.jpg,mirage
maps/mirage\img_045.jpg,mirage
maps/mirage\img_046.jpg,mirage
maps/mirage\img_047.jpg,mirage
maps/mirage\img_048.jpg,mirage
maps/mirage\img_049.jpg,mirage
maps/mirage\img_050.jpg,mirage
maps/mirage\img_051.jpg,mirage
maps/mirage\img_052.jpg,mirage
maps/mirage\img_053.jpg,mirage
maps/mirage\img_054.jpg,mirage
maps/mirage\img_055.jpg,mirage
maps/mirage\img_056.jpg,mirage
maps/mirage\img_057.jpg,mirage
maps/mirage\img_058.jpg,mirage
maps/mirage\img_059.jpg,mirage
maps/mirage\img_060.jpg,mirage
maps/mirage\img_061.jpg,mirage
maps/mirage\img_062.jpg,mirage
maps/mirage\img_063.jpg,mirage
maps/mirage\img_064.jpg,mirage
maps/mirage\img_065.jpg,mirage
maps/mirage\img_066.jpg,mirage
maps/mirage\img_067.jpg,mirage
maps/mirage\img_068.jpg,mirage
maps/mirage\img_069.jpg,mirage
maps/mirage\img_070.jpg,mirage
maps/mirage\img_071.jpg,mirage
maps/mirage\img_072.jpg,mirage
maps/mirage\img_073.jpg,mirage
maps/mirage\img_074.jpg,mirage
maps/mirage\img_075.jpg,mirage
maps/mirage\img_076.jpg,mirage
maps/mirage\img_077.jpg,mirage
maps/mirage\img_078.jpg,mirage
maps/mirage\img_079.jpg,mirage
maps/mirage\img_080.jpg,mirage
maps/mirage\img_081.jpg,mirage
maps/mirage\img_082.jpg,mirage
maps/mirage\img_083.jpg,mirage
maps/mirage\img_084.jpg,mirage
maps/mirage\img_085.jpg,mirage
maps/mirage\img_086.jpg,mirage
maps/mirage\img_087.jpg,mirage
maps/mirage\img_088.jpg,mirage
maps/mirage\img_089.jpg,mirage
maps/mirage\img_090.jpg,mirage
maps/mirage\img_091.jpg,mirage
maps/mirage\img_092.jpg,mirage
maps/mirage\img_093.jpg,mirage
maps/mirage\img_094.jpg,mirage
maps/mirage\img_095.jpg,mirage
maps/mirage\img_096.jpg,mirage
maps/mirage\img_097.jpg,mirage
maps/mirage\img_098.jpg,mirage
maps/mirage\img_099.jpg,mirage
maps/mirage\img_100.jpg,mirage
maps/mirage\img_101.jpg,mirage
maps/mirage\img_102.jpg,mirage
maps/mirage\img_103.jpg,mirage
maps/mirage\img_104.jpg,mirage
maps/mirage\img_105.jpg,mirage
maps/mirage\img_106.jpg,mirage
maps/mirage\img_107.jpg,mirage
maps/mirage\img_108.jpg,mirage
maps/mirage\img_109.jpg,mirage
maps/mirage\img_110.jpg,mirage
maps/mirage\img_111.jpg,mirage
maps/mirage\img_112.jpg,mirage
maps/mirage\img_113.jpg,mirage
maps/mirage\img_114.jpg,mirage
maps/mirage\img_115.jpg,mirage
maps/mirage\img_116.jpg,mirage
maps/mirage\img_117.jpg,mirage
maps/mirage\img_118.jpg,mirage
maps/mirage\img_119.jpg,mirage
maps/mirage\img_120.jpg,mirage
maps/mirage\img_121.jpg,mirage
maps/mirage\img_122.jpg,mirage
maps/mirage\img_123.jpg,mirage
maps/mirage\img_124.jpg,mirage
maps/mirage\img_125.jpg,mirage
maps/mirage\img_126.jpg,mirage
maps/mirage\img_127.jpg,mirage
maps/mirage\img_128.jpg,mirage
maps/mirage\img_129.jpg,mirage
maps/mirage\img_130.jpg,mirage
maps/mirage\img_131.jpg,mirage
maps/mirage\img_132.jpg,mirage
maps/mirage\img_133.jpg,mirage
maps/mirage\img_134.jpg,mirage
maps/mirage\img_135.jpg,mirage
maps/mirage\img_136.jpg,mirage
maps/mirage\img_137.jpg,mirage
maps/mirage\img_138.jpg,mirage
maps/mirage\img_139.jpg,mirage
maps/mirage\img_140.jpg,mirage
maps/mirage\img_141.jpg,mirage
maps/mirage\img_142.jpg,mirage
maps/mirage\img_143.jpg,mirage
maps/mirage\img_144.jpg,mirage
maps/mirage\img_145.jpg,mirage
maps/mirage\img_146.jpg,mirage
maps/mirage\img_147.jpg,mirage
maps/mirage\img_148.jpg,mirage
maps/mirage\img_149.jpg,mirage
maps/mirage\img_150.jpg,mirage
maps/mirage\img_151.jpg,mirage
maps/mirage\img_152.jpg,mirage
maps/mirage\img_153.jpg,mirage
maps/mirage\img_154.jpg,mirage
maps/mirage\img_155.jpg,mirage
maps/mirage\img_156.jpg,mirage
maps/mirage\img_157.jpg,mirage
maps/mirage\img_158.jpg,mirage
maps/mirage\img_159.jpg,mirage
maps/mirage\img_160.jpg,mirage
maps/mirage\img_161.jpg,mirage
maps/mirage\img_162.jpg,mirage
maps/mirage\img_163.jpg,mirage
maps/mirage\img_164.jpg,mirage
maps/mirage\img_165.jpg,mirage
maps/mirage\img_166.jpg,mirage
maps/mirage\img_167.jpg,mirage
maps/mirage\img_168.jpg,mirage
maps/mirage\img_169.jpg,mirage
maps/mirage\img_170.jpg,mirage
maps/mirage\img_171.jpg,mirage
maps/mirage\img_172.jpg,mirage
maps/mirage\img_173.jpg,mirage
maps/mirage\img_174.jpg,mirage
maps/mirage\img_175.jpg,mirage
maps/mirage\img_176.jpg,mirage
maps/mirage\img_177.jpg,mirage
maps/mirage\img_178.jpg,mirage
maps/mirage\img_179.jpg,mirage
maps/mirage\img_180.jpg,mirage
maps/mirage\img_181.jpg,mirage
maps/mirage\img_182.jpg,mirage
maps/mirage\img_183.jpg,mirage
maps/mirage\img_184.jpg,mirage
maps/mirage\img_185.jpg,mirage
maps/mirage\img_186.jpg,mirage
maps/mirage\img_187.jpg,mirage
maps/mirage\img_188.jpg,mirage
maps/mirage\img_189.jpg,mirage
maps/mirage\img_190.jpg,mirage
maps/mirage\img_191.jpg,mirage
maps/mirage\img_192.jpg,mirage
maps/mirage\img_193.jpg,mirage
maps/mirage\img_194.jpg,mirage
maps/mirage\img_195.jpg,mirage
maps/mirage\img_196.jpg,mirage
maps/mirage\img_197.jpg,mirage
maps/mirage\img_198.jpg,mirage
maps/mirage\img_199.jpg,mirage
maps/mirage\img_200.jpg,mirage
maps/mirage\img_201.jpg,mirage
maps/mirage\img_202.jpg,mirage
maps/mirage\img_203.jpg,mirage
maps/mirage\img_204.jpg,mirage
maps/mirage\img_205.jpg,mirage
maps/mirage\img_206.jpg,mirage
maps/mirage\img_207.jpg,mirage
maps/mirage\img_208.jpg,mirage
maps/mirage\img_209.jpg,mirage
maps/mirage\img_210.jpg,mirage
maps/mirage\img_211.jpg,mirage
maps/mirage\img_212.jpg,mirage
maps/mirage\img_213.jpg,mirage
maps/mirage\img_214.jpg,mirage
maps/mirage\img_215.jpg,mirage
maps/mirage\img_216.jpg,mirage
maps/mirage\img_217.jpg,mirage
maps/mirage\img_218.jpg,mirage
maps/mirage\img_219.jpg,mirage
maps/mirage\img_220.jpg,mirage
maps/mirage\img_221.jpg,mirage
maps/mirage\img_222.jpg,mirage
maps/mirage\img_223.jpg,mirage
maps/mirage\img_224.jpg,mirage
maps/mirage\img_225.jpg,mirage
maps/mirage\img_226.jpg,mirage
maps/mirage\img_227.jpg,mirage
maps/mirage\img_228.jpg,mirage
maps/mirage\img_229.jpg,mirage
maps/mirage\img_230.jpg,mirage
maps/mirage\img_231.jpg,mirage
maps/mirage\img_232.jpg,mirage
maps/mirage\img_233.jpg,mirage
maps/mirage\img_234.jpg,mirage
maps/mirage\img_235.jpg,mirage
maps/mirage\img_236.jpg,mirage
maps/mirage\img_237.jpg,mirage
maps/mirage\img_238.jpg,mirage
maps/mirage\img_239.jpg,mirage
maps/mirage\img_240.jpg,mirage
maps/mirage\img_241.jpg,mirage
maps/mirage\img_242.jpg,mirage
maps/mirage\img_243.jpg,mirage
maps/mirage\img_244.jpg,mirage
maps/nuke\img_001.jpg,nuke
maps/nuke\img_002.jpg,nuke
maps/nuke\img_003.jpg,nuke
maps/nuke\img_004.jpg,nuke
maps/nuke\img_005.jpg,nuke
maps/nuke\img_006.jpg,nuke
maps/nuke\img_007.jpg,nuke
maps/nuke\img_008.jpg,nuke
maps/nuke\img_009.jpg,nuke
maps/nuke\img_010.jpg,nuke
maps/nuke\img_011.jpg,nuke
maps/nuke\img_012.jpg,nuke
maps/nuke\img_013.jpg,nuke
maps/nuke\img_014.jpg,nuke
maps/nuke\img_015.jpg,nuke
maps/nuke\img_016.jpg,nuke
maps/nuke\img_017.jpg,nuke
maps/nuke\img_018.jpg,nuke
maps/nuke\img_019.jpg,nuke
maps/nuke\img_020.jpg,nuke
maps/nuke\img_021.jpg,nuke
maps/nuke\img_022.jpg,nuke
maps/nuke\img_023.jpg,nuke
maps/nuke\img_024.jpg,nuke
maps/nuke\img_025.jpg,nuke
maps/nuke\img_026.jpg,nuke
maps/nuke\img_027.jpg,nuke
maps/nuke\img_028.jpg,nuke
maps/nuke\img_029.jpg,nuke
maps/nuke\img_030.jpg,nuke
maps/nuke\img_031.jpg,nuke
maps/nuke\img_032.jpg,nuke
maps/nuke\img_033.jpg,nuke
maps/nuke\img_034.jpg,nuke
maps/nuke\img_035.jpg,nuke
maps/nuke\img_036.jpg,nuke
maps/nuke\img_037.jpg,nuke
maps/nuke\img_038.jpg,nuke
maps/nuke\img_039.jpg,nuke
maps/nuke\img_040.jpg,nuke
maps/nuke\img_041.jpg,nuke
maps/nuke\img_042.jpg,nuke
maps/nuke\img_043.jpg,nuke
maps/nuke\img_044.jpg,nuke
maps/nuke\img_045.jpg,nuke
maps/nuke\img_046.jpg,nuke
maps/nuke\img_047.jpg,nuke
maps/nuke\img_048.jpg,nuke
maps/nuke\img_049.jpg,nuke
maps/nuke\img_050.jpg,nuke
maps/nuke\img_051.jpg,nuke
maps/nuke\img_052.jpg,nuke
maps/nuke\img_053.jpg,nuke
maps/nuke\img_054.jpg,nuke
maps/nuke\img_055.jpg,nuke
maps/nuke\img_056.jpg,nuke
maps/nuke\img_057.jpg,nuke
maps/nuke\img_058.jpg,nuke
maps/nuke\img_059.jpg,nuke
maps/nuke\img_060.jpg,nuke
maps/nuke\img_061.jpg,nuke
maps/nuke\img_062.jpg,nuke
maps/nuke\img_063.jpg,nuke
maps/nuke\img_064.jpg,nuke
maps/nuke\img_065.jpg,nuke
maps/nuke\img_066.jpg,nuke
maps/nuke\img_067.jpg,nuke
maps/nuke\img_068.jpg,nuke
maps/nuke\img_069.jpg,nuke
maps/nuke\img_070.jpg,nuke
maps/nuke\img_071.jpg,nuke
maps/nuke\img_072.jpg,nuke
maps/nuke\img_073.jpg,nuke
maps/nuke\img_074.jpg,nuke
maps/nuke\img_075.jpg,nuke
maps/nuke\img_076.jpg,nuke
maps/nuke\img_077.jpg,nuke
maps/nuke\img_078.jpg,nuke
maps/nuke\img_079.jpg,nuke
maps/nuke\img_080.jpg,nuke
maps/nuke\img_081.jpg,nuke
maps/nuke\img_082.jpg,nuke
maps/nuke\img_083.jpg,nuke
maps/nuke\img_084.jpg,nuke
maps/nuke\img_085.jpg,nuke
maps/nuke\img_086.jpg,nuke
maps/nuke\img_087.jpg,nuke
maps/nuke\img_088.jpg,nuke
maps/nuke\img_089.jpg,nuke
maps/nuke\img_090.jpg,nuke
maps/nuke\img_091.jpg,nuke
maps/nuke\img_092.jpg,nuke
maps/nuke\img_093.jpg,nuke
maps/nuke\img_094.jpg,nuke
maps/nuke\img_095.jpg,nuke
maps/nuke\img_096.jpg,nuke
maps/nuke\img_097.jpg,nuke
maps/nuke\img_098.jpg,nuke
maps/nuke\img_099.jpg,nuke
maps/nuke\img_100.jpg,nuke
maps/nuke\img_101.jpg,nuke
maps/nuke\img_102.jpg,nuke
maps/nuke\img_103.jpg,nuke
maps/nuke\img_104.jpg,nuke
maps/nuke\img_105.jpg,nuke
maps/nuke\img_106.jpg,nuke
maps/nuke\img_107.jpg,nuke
maps/nuke\img_108.jpg,nuke
maps/nuke\img_109.jpg,nuke
maps/nuke\img_110.jpg,nuke
maps/nuke\img_111.jpg,nuke
maps/nuke\img_112.jpg,nuke
maps/nuke\img_113.jpg,nuke
maps/nuke\img_114.jpg,nuke
maps/nuke\img_115.jpg,nuke
maps/nuke\img_116.jpg,nuke
maps/nuke\img_117.jpg,nuke
maps/nuke\img_118.jpg,nuke
maps/nuke\img_119.jpg,nuke
maps/nuke\img_120.jpg,nuke
maps/nuke\img_121.jpg,nuke
maps/nuke\img_122.jpg,nuke
maps/nuke\img_123.jpg,nuke
maps/nuke\img_124.jpg,nuke
maps/nuke\img_125.jpg,nuke
maps/nuke\img_126.jpg,nuke
maps/nuke\img_127.jpg,nuke
maps/nuke\img_128.jpg,nuke
maps/nuke\img_129.jpg,nuke
maps/nuke\img_130.jpg,nuke
maps/nuke\img_131.jpg,nuke
maps/nuke\img_132.jpg,nuke
maps/nuke\img_133.jpg,nuke
maps/nuke\img_134.jpg,nuke
maps/nuke\img_135.jpg,nuke
maps/nuke\img_136.jpg,nuke
maps/nuke\img_137.jpg,nuke
maps/nuke\img_138.jpg,nuke
maps/nuke\img_139.jpg,nuke
maps/nuke\img_140.jpg,nuke
maps/nuke\img_141.jpg,nuke
maps/nuke\img_142.jpg,nuke
maps/nuke\img_143.jpg,nuke
maps/nuke\img_144.jpg,nuke
maps/nuke\img_145.jpg,nuke
maps/nuke\img_146.jpg,nuke
maps/nuke\img_147.jpg,nuke
maps/nuke\img_148.jpg,nuke
maps/nuke\img_149.jpg,nuke
maps/nuke\img_150.jpg,nuke
maps/nuke\img_151.jpg,nuke
maps/nuke\img_152.jpg,nuke
maps/nuke\img_153.jpg,nuke
maps/tuscan\img_001.jpg,tuscan
maps/tuscan\img_002.jpg,tuscan
maps/tuscan\img_003.jpg,tuscan
maps/tuscan\img_004.jpg,tuscan
maps/tuscan\img_005.jpg,tuscan
maps/tuscan\img_006.jpg,tuscan
maps/tuscan\img_007.jpg,tuscan
maps/tuscan\img_008.jpg,tuscan
maps/tuscan\img_009.jpg,tuscan
maps/tuscan\img_010.jpg,tuscan
maps/tuscan\img_011.jpg,tuscan
maps/tuscan\img_012.jpg,tuscan
maps/tuscan\img_013.jpg,tuscan
maps/tuscan\img_014.jpg,tuscan
maps/tuscan\img_015.jpg,tuscan
maps/tuscan\img_016.jpg,tuscan
maps/tuscan\img_017.jpg,tuscan
maps/tuscan\img_018.jpg,tuscan
maps/tuscan\img_019.jpg,tuscan
maps/tuscan\img_020.jpg,tuscan
maps/tuscan\img_021.jpg,tuscan
maps/tuscan\img_022.jpg,tuscan
maps/tuscan\img_023.jpg,tuscan
maps/tuscan\img_024.jpg,tuscan
maps/tuscan\img_025.jpg,tuscan
maps/tuscan\img_026.jpg,tuscan
maps/tuscan\img_027.jpg,tuscan
maps/tuscan\img_028.jpg,tuscan
maps/tuscan\img_029.jpg,tuscan
maps/tuscan\img_030.jpg,tuscan
maps/tuscan\img_031.jpg,tuscan
maps/tuscan\img_032.jpg,tuscan
maps/tuscan\img_033.jpg,tuscan
maps/tuscan\img_034.jpg,tuscan
maps/tuscan\img_035.jpg,tuscan
maps/tuscan\img_036.jpg,tuscan
maps/tuscan\img_037.jpg,tuscan
maps/tuscan\img_038.jpg,tuscan
maps/tuscan\img_039.jpg,tuscan
maps/tuscan\img_040.jpg,tuscan
maps/tuscan\img_041.jpg,tuscan
maps/tuscan\img_042.jpg,tuscan
maps/tuscan\img_043.jpg,tuscan
maps/tuscan\img_044.jpg,tuscan
maps/tuscan\img_045.jpg,tuscan
maps/tuscan\img_046.jpg,tuscan
maps/tuscan\img_047.jpg,tuscan
maps/tuscan\img_048.jpg,tuscan
maps/tuscan\img_049.jpg,tuscan
maps/tuscan\img_050.jpg,tuscan
maps/tuscan\img_051.jpg,tuscan
maps/tuscan\img_052.jpg,tuscan
maps/tuscan\img_053.jpg,tuscan
maps/tuscan\img_054.jpg,tuscan
maps/tuscan\img_055.jpg,tuscan
maps/tuscan\img_056.jpg,tuscan
maps/tuscan\img_057.jpg,tuscan
maps/tuscan\img_058.jpg,tuscan
maps/tuscan\img_059.jpg,tuscan
maps/tuscan\img_060.jpg,tuscan
maps/tuscan\img_061.jpg,tuscan
maps/tuscan\img_062.jpg,tuscan
maps/tuscan\img_063.jpg,tuscan
maps/tuscan\img_064.jpg,tuscan
maps/tuscan\img_065.jpg,tuscan
maps/tuscan\img_066.jpg,tuscan
maps/tuscan\img_067.jpg,tuscan
maps/tuscan\img_068.jpg,tuscan
maps/tuscan\img_069.jpg,tuscan
maps/tuscan\img_070.jpg,tuscan
maps/tuscan\img_071.jpg,tuscan
maps/tuscan\img_072.jpg,tuscan
maps/tuscan\img_073.jpg,tuscan
maps/tuscan\img_074.jpg,tuscan
maps/tuscan\img_075.jpg,tuscan
maps/tuscan\img_076.jpg,tuscan
maps/tuscan\img_077.jpg,tuscan
maps/tuscan\img_078.jpg,tuscan
maps/tuscan\img_079.jpg,tuscan
maps/tuscan\img_080.jpg,tuscan
maps/tuscan\img_081.jpg,tuscan
maps/tuscan\img_082.jpg,tuscan
maps/tuscan\img_083.jpg,tuscan
maps/tuscan\img_084.jpg,tuscan
maps/tuscan\img_085.jpg,tuscan
maps/tuscan\img_086.jpg,tuscan
maps/tuscan\img_087.jpg,tuscan
maps/tuscan\img_088.jpg,tuscan
maps/tuscan\img_089.jpg,tuscan
maps/tuscan\img_090.jpg,tuscan
maps/tuscan\img_091.jpg,tuscan
maps/tuscan\img_092.jpg,tuscan
maps/tuscan\img_093.jpg,tuscan
maps/tuscan\img_094.jpg,tuscan
maps/tuscan\img_095.jpg,tuscan
maps/tuscan\img_096.jpg,tuscan
maps/tuscan\img_097.jpg,tuscan
maps/tuscan\img_098.jpg,tuscan
maps/tuscan\img_099.jpg,tuscan
maps/tuscan\img_100.jpg,tuscan
maps/tuscan\img_101.jpg,tuscan
maps/tuscan\img_102.jpg,tuscan
maps/tuscan\img_103.jpg,tuscan
maps/tuscan\img_104.jpg,tuscan
maps/tuscan\img_105.jpg,tuscan
maps/tuscan\img_106.jpg,tuscan
maps/tuscan\img_107.jpg,tuscan
maps/tuscan\img_108.jpg,tuscan
maps/tuscan\img_109.jpg,tuscan
maps/tuscan\img_110.jpg,tuscan
maps/tuscan\img_111.jpg,tuscan
maps/tuscan\img_112.jpg,tuscan
maps/tuscan\img_113.jpg,tuscan
maps/tuscan\img_114.jpg,tuscan
maps/tuscan\img_115.jpg,tuscan
maps/tuscan\img_116.jpg,tuscan
maps/tuscan\img_117.jpg,tuscan
maps/tuscan\img_118.jpg,tuscan
maps/tuscan\img_119.jpg,tuscan
maps/tuscan\img_120.jpg,tuscan
maps/tuscan\img_121.jpg,tuscan
maps/tuscan\img_122.jpg,tuscan
maps/tuscan\img_123.jpg,tuscan
maps/tuscan\img_124.jpg,tuscan
maps/tuscan\img_125.jpg,tuscan
maps/tuscan\img_126.jpg,tuscan
maps/tuscan\img_127.jpg,tuscan
maps/tuscan\img_128.jpg,tuscan
maps/tuscan\img_129.jpg,tuscan
maps/tuscan\img_130.jpg,tuscan
maps/tuscan\img_131.jpg,tuscan
maps/tuscan\img_132.jpg,tuscan
maps/tuscan\img_133.jpg,tuscan
maps/tuscan\img_134.jpg,tuscan
maps/tuscan\img_135.jpg,tuscan
maps/tuscan\img_136.jpg,tuscan
maps/tuscan\img_137.jpg,tuscan
maps/tuscan\img_138.jpg,tuscan
maps/tuscan\img_139.jpg,tuscan
maps/tuscan\img_140.jpg,tuscan
maps/tuscan\img_141.jpg,tuscan
maps/tuscan\img_142.jpg,tuscan
maps/tuscan\img_143.jpg,tuscan
maps/tuscan\img_144.jpg,tuscan
maps/tuscan\img_145.jpg,tuscan
maps/tuscan\img_146.jpg,tuscan
maps/tuscan\img_147.jpg,tuscan
maps/tuscan\img_148.jpg,tuscan
maps/tuscan\img_149.jpg,tuscan
maps/tuscan\img_150.jpg,tuscan
maps/tuscan\img_151.jpg,tuscan
maps/tuscan\img_152.jpg,tuscan
maps/tuscan\img_153.jpg,tuscan
maps/tuscan\img_154.jpg,tuscan
maps/tuscan\img_155.jpg,tuscan
maps/tuscan\img_156.jpg,tuscan
maps/tuscan\img_157.jpg,tuscan
maps/tuscan\img_158.jpg,tuscan
maps/tuscan\img_159.jpg,tuscan
maps/tuscan\img_160.jpg,tuscan
maps/tuscan\img_161.jpg,tuscan
maps/tuscan\img_162.jpg,tuscan
maps/tuscan\img_163.jpg,tuscan
maps/tuscan\img_164.jpg,tuscan
maps/tuscan\img_165.jpg,tuscan
maps/tuscan\img_166.jpg,tuscan
maps/tuscan\img_167.jpg,tuscan
maps/tuscan\img_168.jpg,tuscan
maps/tuscan\img_169.jpg,tuscan
maps/tuscan\img_170.jpg,tuscan
maps/tuscan\img_171.jpg,tuscan
maps/tuscan\img_172.jpg,tuscan
maps/tuscan\img_173.jpg,tuscan
maps/tuscan\img_174.jpg,tuscan
maps/tuscan\img_175.jpg,tuscan
maps/tuscan\img_176.jpg,tuscan
maps/tuscan\img_177.jpg,tuscan
maps/tuscan\img_178.jpg,tuscan
maps/tuscan\img_179.jpg,tuscan
maps/tuscan\img_180.jpg,tuscan
maps/tuscan\img_181.jpg,tuscan
maps/tuscan\img_182.jpg,tuscan
maps/tuscan\img_183.jpg,tuscan
maps/tuscan\img_184.jpg,tuscan
maps/tuscan\img_185.jpg,tuscan
maps/tuscan\img_186.jpg,tuscan
maps/tuscan\img_187.jpg,tuscan
maps/tuscan\img_188.jpg,tuscan
maps/tuscan\img_189.jpg,tuscan
maps/tuscan\img_190.jpg,tuscan
maps/tuscan\img_191.jpg,tuscan
maps/tuscan\img_192.jpg,tuscan
maps/tuscan\img_193.jpg,tuscan
maps/tuscan\img_194.jpg,tuscan
maps/tuscan\img_195.jpg,tuscan
maps/tuscan\img_196.jpg,tuscan
maps/tuscan\img_197.jpg,tuscan
maps/tuscan\img_198.jpg,tuscan
maps/tuscan\img_199.jpg,tuscan
maps/tuscan\img_200.jpg,tuscan
maps/tuscan\img_201.jpg,tuscan
maps/tuscan\img_202.jpg,tuscan
maps/tuscan\img_203.jpg,tuscan
maps/tuscan\img_204.jpg,tuscan
maps/tuscan\img_205.jpg,tuscan
maps/tuscan\img_206.jpg,tuscan
maps/tuscan\img_207.jpg,tuscan
maps/tuscan\img_208.jpg,tuscan
maps/tuscan\img_209.jpg,tuscan
maps/tuscan\img_210.jpg,tuscan
maps/tuscan\img_211.jpg,tuscan
maps/tuscan\img_212.jpg,tuscan
maps/tuscan\img_213.jpg,tuscan
maps/tuscan\img_214.jpg,tuscan
maps/tuscan\img_215.jpg,tuscan
maps/tuscan\img_216.jpg,tuscan
maps/tuscan\img_217.jpg,tuscan
maps/tuscan\img_218.jpg,tuscan
maps/tuscan\img_219.jpg,tuscan
maps/tuscan\img_220.jpg,tuscan
maps/tuscan\img_221.jpg,tuscan
maps/tuscan\img_222.jpg,tuscan
maps/tuscan\img_223.jpg,tuscan
maps/tuscan\img_224.jpg,tuscan
maps/tuscan\img_225.jpg,tuscan
maps/tuscan\img_226.jpg,tuscan
maps/tuscan\img_227.jpg,tuscan
maps/tuscan\img_228.jpg,tuscan
maps/tuscan\img_229.jpg,tuscan
maps/tuscan\img_230.jpg,tuscan
maps/tuscan\img_231.jpg,tuscan
maps/tuscan\img_232.jpg,tuscan
maps/tuscan\img_233.jpg,tuscan
maps/tuscan\img_234.jpg,tuscan
maps/tuscan\img_235.jpg,tuscan
maps/tuscan\img_236.jpg,tuscan
maps/tuscan\img_237.jpg,tuscan
maps/tuscan\img_238.jpg,tuscan
maps/tuscan\img_239.jpg,tuscan
maps/tuscan\img_240.jpg,tuscan
maps/tuscan\img_241.jpg,tuscan
maps/tuscan\img_242.jpg,tuscan
maps/tuscan\img_243.jpg,tuscan
maps/tuscan\img_244.jpg,tuscan
maps/tuscan\img_245.jpg,tuscan
maps/tuscan\img_246.jpg,tuscan
maps/tuscan\img_247.jpg,tuscan
maps/tuscan\img_248.jpg,tuscan
maps/tuscan\img_249.jpg,tuscan
maps/tuscan\img_250.jpg,tuscan
maps/tuscan\img_251.jpg,tuscan
maps/tuscan\img_252.jpg,tuscan
maps/tuscan\img_253.jpg,tuscan
maps/tuscan\img_254.jpg,tuscan
maps/tuscan\img_255.jpg,tuscan
maps/tuscan\img_256.jpg,tuscan
maps/tuscan\img_257.jpg,tuscan
maps/tuscan\img_258.jpg,tuscan
maps/tuscan\img_259.jpg,tuscan
maps/tuscan\img_260.jpg,tuscan
maps/tuscan\img_261.jpg,tuscan
maps/tuscan\img_262.jpg,tuscan
maps/tuscan\img_263.jpg,tuscan
maps/tuscan\img_264.jpg,tuscan
maps/tuscan\img_265.jpg,tuscan
maps/vertigo\img_001.jpg,vertigo
maps/vertigo\img_002.jpg,vertigo
maps/vertigo\img_003.jpg,vertigo
maps/vertigo\img_004.jpg,vertigo
maps/vertigo\img_005.jpg,vertigo
maps/vertigo\img_006.jpg,vertigo
maps/vertigo\img_007.jpg,vertigo
maps/vertigo\img_008.jpg,vertigo
maps/vertigo\img_009.jpg,vertigo
maps/vertigo\img_010.jpg,vertigo
maps/vertigo\img_011.jpg,vertigo
maps/vertigo\img_012.jpg,vertigo
maps/vertigo\img_013.jpg,vertigo
maps/vertigo\img_014.jpg,vertigo
maps/vertigo\img_015.jpg,vertigo
maps/vertigo\img_016.jpg,vertigo
maps/vertigo\img_017.jpg,vertigo
maps/vertigo\img_018.jpg,vertigo
maps/vertigo\img_019.jpg,vertigo
maps/vertigo\img_020.jpg,vertigo
maps/vertigo\img_021.jpg,vertigo
maps/vertigo\img_022.jpg,vertigo
maps/vertigo\img_023.jpg,vertigo
maps/vertigo\img_024.jpg,vertigo
maps/vertigo\img_025.jpg,vertigo
maps/vertigo\img_026.jpg,vertigo
maps/vertigo\img_027.jpg,vertigo
maps/vertigo\img_028.jpg,vertigo
maps/vertigo\img_029.jpg,vertigo
maps/vertigo\img_030.jpg,vertigo
maps/vertigo\img_031.jpg,vertigo
maps/vertigo\img_032.jpg,vertigo
maps/vertigo\img_033.jpg,vertigo
maps/vertigo\img_034.jpg,vertigo
maps/vertigo\img_035.jpg,vertigo
maps/vertigo\img_036.jpg,vertigo
maps/vertigo\img_037.jpg,vertigo
maps/vertigo\img_038.jpg,vertigo
maps/vertigo\img_039.jpg,vertigo
maps/vertigo\img_040.jpg,vertigo
maps/vertigo\img_041.jpg,vertigo
maps/vertigo\img_042.jpg,vertigo
maps/vertigo\img_043.jpg,vertigo
maps/vertigo\img_044.jpg,vertigo
maps/vertigo\img_045.jpg,vertigo
maps/vertigo\img_046.jpg,vertigo
maps/vertigo\img_047.jpg,vertigo
maps/vertigo\img_048.jpg,vertigo
maps/vertigo\img_049.jpg,vertigo
maps/vertigo\img_050.jpg,vertigo
maps/vertigo\img_051.jpg,vertigo
maps/vertigo\img_052.jpg,vertigo
maps/vertigo\img_053.jpg,vertigo
maps/vertigo\img_054.jpg,vertigo
maps/vertigo\img_055.jpg,vertigo
maps/vertigo\img_056.jpg,vertigo
maps/vertigo\img_057.jpg,vertigo
maps/vertigo\img_058.jpg,vertigo
maps/vertigo\img_059.jpg,vertigo
maps/vertigo\img_060.jpg,vertigo
maps/vertigo\img_061.jpg,vertigo
maps/vertigo\img_062.jpg,vertigo
maps/vertigo\img_063.jpg,vertigo
maps/vertigo\img_064.jpg,vertigo
maps/vertigo\img_065.jpg,vertigo
maps/vertigo\img_066.jpg,vertigo
maps/vertigo\img_067.jpg,vertigo
maps/vertigo\img_068.jpg,vertigo
maps/vertigo\img_069.jpg,vertigo
maps/vertigo\img_070.jpg,vertigo
maps/vertigo\img_071.jpg,vertigo
maps/vertigo\img_072.jpg,vertigo
maps/vertigo\img_073.jpg,vertigo
maps/vertigo\img_074.jpg,vertigo
maps/vertigo\img_075.jpg,vertigo
maps/vertigo\img_076.jpg,vertigo
maps/vertigo\img_077.jpg,vertigo
maps/vertigo\img_078.jpg,vertigo
maps/vertigo\img_079.jpg,vertigo
maps/vertigo\img_080.jpg,vertigo
maps/vertigo\img_081.jpg,vertigo
maps/vertigo\img_082.jpg,vertigo
maps/vertigo\img_083.jpg,vertigo
maps/vertigo\img_084.jpg,vertigo
maps/vertigo\img_085.jpg,vertigo
maps/vertigo\img_086.jpg,vertigo
maps/vertigo\img_087.jpg,vertigo
maps/vertigo\img_088.jpg,vertigo
maps/vertigo\img_089.jpg,vertigo
maps/vertigo\img_090.jpg,vertigo
maps/vertigo\img_091.jpg,vertigo
maps/vertigo\img_092.jpg,vertigo
maps/vertigo\img_093.jpg,vertigo
maps/vertigo\img_094.jpg,vertigo
maps/vertigo\img_095.jpg,vertigo
maps/vertigo\img_096.jpg,vertigo
maps/vertigo\img_097.jpg,vertigo
maps/vertigo\img_098.jpg,vertigo
maps/vertigo\img_099.jpg,vertigo
maps/vertigo\img_100.jpg,vertigo
maps/vertigo\img_101.jpg,vertigo
maps/vertigo\img_102.jpg,vertigo
maps/vertigo\img_103.jpg,vertigo
maps/vertigo\img_104.jpg,vertigo
maps/vertigo\img_105.jpg,vertigo
maps/vertigo\img_106.jpg,vertigo
maps/vertigo\img_107.jpg,vertigo
maps/vertigo\img_108.jpg,vertigo
maps/vertigo\img_109.jpg,vertigo
maps/vertigo\img_110.jpg,vertigo
maps/vertigo\img_111.jpg,vertigo
maps/vertigo\img_112.jpg,vertigo
maps/vertigo\img_113.jpg,vertigo
maps/vertigo\img_114.jpg,vertigo
maps/vertigo\img_115.jpg,vertigo
maps/vertigo\img_116.jpg,vertigo
maps/vertigo\img_117.jpg,vertigo
maps/vertigo\img_118.jpg,vertigo
maps/vertigo\img_119.jpg,vertigo
maps/vertigo\img_120.jpg,vertigo
maps/vertigo\img_121.jpg,vertigo
maps/vertigo\img_122.jpg,vertigo
maps/vertigo\img_123.jpg,vertigo
maps/vertigo\img_124.jpg,vertigo
maps/vertigo\img_125.jpg,vertigo
maps/vertigo\img_126.jpg,vertigo
maps/vertigo\img_127.jpg,vertigo
maps/vertigo\img_128.jpg,vertigo
maps/vertigo\img_129.jpg,vertigo
maps/vertigo\img_130.jpg,vertigo
maps/vertigo\img_131.jpg,vertigo
maps/vertigo\img_132.jpg,vertigo
maps/vertigo\img_133.jpg,vertigo
maps/vertigo\img_134.jpg,vertigo
maps/vertigo\img_135.jpg,vertigo
maps/vertigo\img_136.jpg,vertigo
maps/vertigo\img_137.jpg,vertigo
maps/vertigo\img_138.jpg,vertigo
maps/vertigo\img_139.jpg,vertigo
maps/vertigo\img_140.jpg,vertigo
maps/vertigo\img_141.jpg,vertigo
maps/vertigo\img_142.jpg,vertigo
maps/vertigo\img_143.jpg,vertigo
maps/vertigo\img_144.jpg,vertigo
maps/vertigo\img_145.jpg,vertigo
maps/vertigo\img_146.jpg,vertigo
maps/vertigo\img_147.jpg,vertigo
maps/vertigo\img_148.jpg,vertigo
maps/vertigo\img_149.jpg,vertigo
maps/vertigo\img_150.jpg,vertigo
maps/vertigo\img_151.jpg,vertigo
maps/vertigo\img_152.jpg,vertigo
maps/vertigo\img_153.jpg,vertigo
maps/vertigo\img_154.jpg,vertigo
maps/vertigo\img_155.jpg,vertigo
maps/vertigo\img_156.jpg,vertigo
maps/vertigo\img_157.jpg,vertigo
maps/vertigo\img_158.jpg,vertigo
maps/vertigo\img_159.jpg,vertigo
maps/vertigo\img_160.jpg,vertigo
maps/vertigo\img_161.jpg,vertigo
maps/vertigo\img_162.jpg,vertigo
maps/vertigo\img_163.jpg,vertigo
maps/vertigo\img_164.jpg,vertigo
maps/vertigo\img_165.jpg,vertigo
maps/vertigo\img_166.jpg,vertigo
maps/vertigo\img_167.jpg,vertigo
maps/vertigo\img_168.jpg,vertigo
maps/vertigo\img_169.jpg,vertigo
maps/vertigo\img_170.jpg,vertigo
maps/vertigo\img_171.jpg,vertigo
maps/vertigo\img_172.jpg,vertigo
maps/vertigo\img_173.jpg,vertigo
maps/vertigo\img_174.jpg,vertigo
maps/vertigo\img_175.jpg,vertigo
maps/vertigo\img_176.jpg,vertigo
maps/vertigo\img_177.jpg,vertigo
maps/vertigo\img_178.jpg,vertigo
maps/vertigo\img_179.jpg,vertigo
maps/vertigo\img_180.jpg,vertigo
maps/vertigo\img_181.jpg,vertigo
maps/vertigo\img_182.jpg,vertigo
maps/vertigo\img_183.jpg,vertigo
maps/vertigo\img_184.jpg,vertigo
maps/vertigo\img_185.jpg,vertigo
maps/vertigo\img_186.jpg,vertigo
maps/vertigo\img_187.jpg,vertigo
maps/vertigo\img_188.jpg,vertigo
maps/vertigo\img_189.jpg,vertigo
maps/vertigo\img_190.jpg,vertigo
maps/vertigo\img_191.jpg,vertigo
maps/vertigo\img_192.jpg,vertigo
maps/vertigo\img_193.jpg,vertigo
maps/vertigo\img_194.jpg,vertigo
maps/vertigo\img_195.jpg,vertigo
maps/vertigo\img_196.jpg,vertigo
maps/vertigo\img_197.jpg,vertigo
maps/vertigo\img_198.jpg,vertigo
maps/vertigo\img_199.jpg,vertigo
maps/vertigo\img_200.jpg,vertigo
maps/vertigo\img_201.jpg,vertigo
maps/vertigo\img_202.jpg,vertigo
maps/vertigo\img_203.jpg,vertigo
maps/vertigo\img_204.jpg,vertigo
maps/vertigo\img_205.jpg,vertigo
maps/vertigo\img_206.jpg,vertigo
maps/vertigo\img_207.jpg,vertigo
maps/vertigo\img_208.jpg,vertigo
maps/vertigo\img_209.jpg,vertigo
maps/vertigo\img_210.jpg,vertigo
maps/vertigo\img_211.jpg,vertigo
maps/vertigo\img_212.jpg,vertigo
maps/vertigo\img_213.jpg,vertigo
maps/vertigo\img_214.jpg,vertigo
maps/vertigo\img_215.jpg,vertigo
maps/vertigo\img_216.jpg,vertigo
maps/vertigo\img_217.jpg,vertigo
maps/vertigo\img_218.jpg,vertigo
maps/vertigo\img_219.jpg,vertigo
maps/vertigo\img_220.jpg,vertigo
maps/vertigo\img_221.jpg,vertigo
maps/vertigo\img_222.jpg,vertigo
maps/vertigo\img_223.jpg,vertigo
maps/vertigo\img_224.jpg,vertigo
maps/vertigo\img_225.jpg,vertigo
maps/vertigo\img_226.jpg,vertigo
maps/vertigo\img_227.jpg,vertigo
maps/vertigo\img_228.jpg,vertigo
maps/vertigo\img_229.jpg,vertigo
maps/vertigo\img_230.jpg,vertigo
maps/vertigo\img_231.jpg,vertigo
maps/vertigo\img_232.jpg,vertigo
maps/vertigo\img_233.jpg,vertigo
maps/vertigo\img_234.jpg,vertigo
maps/vertigo\img_235.jpg,vertigo
maps/vertigo\img_236.jpg,vertigo
maps/vertigo\img_237.jpg,vertigo
maps/vertigo\img_238.jpg,vertigo
maps/vertigo\img_239.jpg,vertigo
maps/vertigo\img_240.jpg,vertigo
maps/vertigo\img_241.jpg,vertigo
maps/vertigo\img_242.jpg,vertigo
maps/vertigo\img_243.jpg,vertigo
maps/vertigo\img_244.jpg,vertigo
maps/vertigo\img_245.jpg,vertigo
maps/vertigo\img_246.jpg,vertigo
maps/vertigo\img_247.jpg,vertigo
maps/vertigo\img_248.jpg,vertigo
maps/vertigo\img_249.jpg,vertigo
maps/vertigo\img_250.jpg,vertigo
maps/vertigo\img_251.jpg,vertigo
maps/vertigo\img_252.jpg,vertigo
maps/vertigo\img_253.jpg,vertigo
maps/vertigo\img_254.jpg,vertigo
maps/vertigo\img_255.jpg,vertigo
maps/vertigo\img_256.jpg,vertigo
maps/vertigo\img_257.jpg,vertigo
maps/vertigo\img_258.jpg,vertigo
maps/vertigo\img_259.jpg,vertigo
maps/vertigo\img_260.jpg,vertigo
maps/vertigo\img_261.jpg,vertigo
maps/vertigo\img_262.jpg,vertigo
maps/vertigo\img_263.jpg,vertigo
maps/vertigo\img_264.jpg,vertigo
maps/vertigo\img_265.jpg,vertigo
maps/vertigo\img_266.jpg,vertigo
maps/vertigo\img_267.jpg,vertigo
maps/vertigo\img_268.jpg,vertigo
maps/vertigo\img_269.jpg,vertigo
maps/vertigo\img_270.jpg,vertigo
maps/vertigo\img_271.jpg,vertigo
maps/vertigo\img_272.jpg,vertigo
maps/vertigo\img_273.jpg,vertigo
maps/vertigo\img_274.jpg,vertigo
maps/vertigo\img_275.jpg,vertigo
maps/vertigo\img_276.jpg,vertigo
maps/vertigo\img_277.jpg,vertigo
maps/vertigo\img_278.jpg,vertigo
maps/vertigo\img_279.jpg,vertigo
maps/vertigo\img_280.jpg,vertigo
maps/vertigo\img_281.jpg,vertigo
maps/vertigo\img_282.jpg,vertigo
maps/vertigo\img_283.jpg,vertigo
maps/vertigo\img_284.jpg,vertigo
maps/vertigo\img_285.jpg,vertigo
maps/vertigo\img_286.jpg,vertigo
maps/vertigo\img_287.jpg,vertigo
maps/vertigo\img_288.jpg,vertigo
maps/vertigo\img_289.jpg,vertigo
maps/vertigo\img_290.jpg,vertigo
maps/vertigo\img_291.jpg,vertigo
maps/vertigo\img_292.jpg,vertigo
maps/vertigo\img_293.jpg,vertigo
maps/vertigo\img_294.jpg,vertigo
maps/vertigo\img_295.jpg,vertigo
maps/vertigo\img_296.jpg,vertigo
maps/vertigo\img_297.jpg,vertigo
maps/vertigo\img_298.jpg,vertigo
maps/vertigo\img_299.jpg,vertigo
maps/vertigo\img_300.jpg,vertigo
maps/vertigo\img_301.jpg,vertigo
maps/vertigo\img_302.jpg,vertigo
